token_idx,layer,experts
0,0,"[21, 32, 36, 17]"
0,1,"[44, 43, 4, 41]"
0,2,"[54, 42, 4, 27]"
0,3,"[31, 53, 28, 43]"
0,4,"[37, 13, 25, 2]"
0,5,"[46, 55, 32, 6]"
0,6,"[51, 34, 36, 15]"
0,7,"[20, 50, 36, 57]"
0,8,"[18, 57, 44, 52]"
0,9,"[4, 33, 16, 26]"
0,10,"[3, 53, 30, 22]"
0,11,"[49, 56, 55, 43]"
0,12,"[21, 39, 22, 5]"
0,13,"[27, 55, 34, 46]"
0,14,"[52, 9, 43, 29]"
0,15,"[50, 17, 32, 23]"
0,16,"[57, 34, 35, 33]"
0,17,"[5, 41, 24, 59]"
0,18,"[57, 4, 34, 37]"
0,19,"[7, 45, 11, 48]"
0,20,"[47, 12, 23, 13]"
0,21,"[33, 10, 51, 13]"
0,22,"[53, 51, 19, 12]"
0,23,"[59, 41, 31, 18]"
1,0,"[18, 6, 9, 29]"
1,1,"[19, 42, 24, 21]"
1,2,"[57, 44, 14, 50]"
1,3,"[53, 25, 46, 38]"
1,4,"[49, 19, 2, 59]"
1,5,"[14, 47, 40, 24]"
1,6,"[51, 47, 35, 9]"
1,7,"[57, 33, 9, 46]"
1,8,"[23, 14, 36, 38]"
1,9,"[20, 59, 7, 28]"
1,10,"[18, 31, 21, 39]"
1,11,"[8, 15, 30, 0]"
1,12,"[38, 35, 9, 40]"
1,13,"[22, 38, 5, 21]"
1,14,"[41, 33, 32, 24]"
1,15,"[37, 50, 27, 31]"
1,16,"[55, 10, 0, 13]"
1,17,"[1, 30, 6, 59]"
1,18,"[1, 57, 23, 18]"
1,19,"[56, 7, 45, 11]"
1,20,"[8, 41, 47, 0]"
1,21,"[7, 10, 33, 32]"
1,22,"[12, 53, 9, 24]"
1,23,"[41, 59, 48, 11]"
2,0,"[10, 50, 37, 51]"
2,1,"[18, 35, 59, 34]"
2,2,"[6, 30, 43, 3]"
2,3,"[30, 2, 44, 5]"
2,4,"[24, 8, 27, 55]"
2,5,"[34, 50, 36, 8]"
2,6,"[35, 31, 43, 46]"
2,7,"[43, 12, 21, 53]"
2,8,"[47, 30, 43, 34]"
2,9,"[32, 41, 28, 7]"
2,10,"[1, 11, 19, 9]"
2,11,"[22, 50, 14, 1]"
2,12,"[54, 2, 3, 52]"
2,13,"[23, 44, 50, 3]"
2,14,"[40, 17, 11, 49]"
2,15,"[55, 32, 40, 48]"
2,16,"[52, 48, 56, 54]"
2,17,"[45, 16, 9, 55]"
2,18,"[17, 26, 30, 48]"
2,19,"[7, 36, 2, 26]"
2,20,"[50, 44, 57, 15]"
2,21,"[56, 17, 16, 36]"
2,22,"[20, 46, 31, 7]"
2,23,"[40, 55, 32, 46]"
3,0,"[4, 47, 52, 1]"
3,1,"[24, 30, 1, 21]"
3,2,"[7, 44, 29, 14]"
3,3,"[25, 33, 26, 59]"
3,4,"[21, 52, 26, 54]"
3,5,"[48, 42, 24, 55]"
3,6,"[22, 27, 29, 59]"
3,7,"[1, 33, 9, 12]"
3,8,"[53, 38, 27, 14]"
3,9,"[8, 20, 25, 19]"
3,10,"[47, 38, 21, 12]"
3,11,"[35, 1, 30, 51]"
3,12,"[38, 9, 33, 52]"
3,13,"[38, 27, 22, 9]"
3,14,"[10, 26, 33, 5]"
3,15,"[49, 19, 25, 31]"
3,16,"[57, 23, 13, 36]"
3,17,"[0, 17, 10, 1]"
3,18,"[38, 57, 51, 24]"
3,19,"[8, 53, 49, 11]"
3,20,"[20, 12, 31, 57]"
3,21,"[6, 53, 49, 14]"
3,22,"[19, 20, 22, 7]"
3,23,"[20, 59, 35, 34]"
4,0,"[10, 15, 37, 51]"
4,1,"[47, 2, 37, 36]"
4,2,"[50, 26, 7, 35]"
4,3,"[49, 33, 59, 6]"
4,4,"[21, 53, 25, 26]"
4,5,"[48, 24, 54, 26]"
4,6,"[51, 47, 0, 55]"
4,7,"[9, 57, 17, 42]"
4,8,"[14, 27, 38, 55]"
4,9,"[20, 8, 26, 32]"
4,10,"[11, 31, 39, 8]"
4,11,"[30, 15, 6, 4]"
4,12,"[38, 9, 33, 29]"
4,13,"[59, 27, 9, 38]"
4,14,"[27, 33, 26, 42]"
4,15,"[9, 19, 25, 49]"
4,16,"[0, 39, 10, 13]"
4,17,"[0, 29, 1, 10]"
4,18,"[27, 18, 31, 38]"
4,19,"[56, 39, 50, 59]"
4,20,"[30, 49, 40, 52]"
4,21,"[56, 32, 3, 1]"
4,22,"[52, 9, 14, 2]"
4,23,"[49, 45, 30, 54]"
5,0,"[19, 41, 26, 2]"
5,1,"[53, 27, 58, 15]"
5,2,"[2, 43, 1, 4]"
5,3,"[57, 24, 45, 0]"
5,4,"[31, 0, 54, 12]"
5,5,"[9, 53, 21, 38]"
5,6,"[37, 30, 56, 50]"
5,7,"[5, 2, 14, 10]"
5,8,"[41, 56, 12, 24]"
5,9,"[52, 44, 6, 8]"
5,10,"[42, 47, 58, 34]"
5,11,"[30, 15, 37, 24]"
5,12,"[9, 19, 33, 50]"
5,13,"[3, 56, 14, 53]"
5,14,"[33, 15, 36, 7]"
5,15,"[9, 25, 42, 49]"
5,16,"[23, 13, 0, 27]"
5,17,"[1, 5, 22, 32]"
5,18,"[4, 9, 56, 41]"
5,19,"[5, 28, 58, 36]"
5,20,"[49, 8, 40, 54]"
5,21,"[39, 41, 49, 36]"
5,22,"[14, 9, 36, 30]"
5,23,"[44, 9, 14, 30]"
6,0,"[17, 27, 26, 32]"
6,1,"[26, 15, 58, 46]"
6,2,"[2, 16, 21, 12]"
6,3,"[38, 0, 45, 2]"
6,4,"[18, 6, 44, 45]"
6,5,"[34, 25, 2, 8]"
6,6,"[7, 55, 49, 41]"
6,7,"[29, 2, 46, 42]"
6,8,"[16, 9, 35, 55]"
6,9,"[18, 57, 0, 32]"
6,10,"[42, 56, 39, 29]"
6,11,"[46, 18, 45, 22]"
6,12,"[7, 32, 54, 11]"
6,13,"[37, 40, 5, 21]"
6,14,"[17, 1, 32, 41]"
6,15,"[22, 9, 40, 13]"
6,16,"[58, 22, 27, 33]"
6,17,"[12, 32, 18, 0]"
6,18,"[42, 59, 12, 23]"
6,19,"[6, 24, 26, 38]"
6,20,"[34, 7, 55, 54]"
6,21,"[45, 28, 49, 20]"
6,22,"[49, 32, 29, 10]"
6,23,"[37, 29, 18, 15]"
7,0,"[14, 56, 45, 22]"
7,1,"[45, 42, 10, 0]"
7,2,"[0, 53, 1, 57]"
7,3,"[51, 22, 4, 39]"
7,4,"[33, 54, 29, 58]"
7,5,"[45, 59, 12, 6]"
7,6,"[54, 49, 59, 13]"
7,7,"[58, 27, 47, 51]"
7,8,"[5, 27, 42, 58]"
7,9,"[22, 59, 8, 56]"
7,10,"[31, 6, 11, 37]"
7,11,"[30, 54, 15, 4]"
7,12,"[38, 29, 35, 1]"
7,13,"[59, 27, 9, 17]"
7,14,"[27, 50, 26, 33]"
7,15,"[9, 19, 14, 25]"
7,16,"[19, 23, 27, 39]"
7,17,"[0, 7, 16, 8]"
7,18,"[33, 38, 54, 40]"
7,19,"[9, 5, 28, 47]"
7,20,"[23, 54, 59, 36]"
7,21,"[54, 49, 32, 17]"
7,22,"[39, 58, 15, 36]"
7,23,"[3, 23, 14, 43]"
8,0,"[31, 5, 52, 53]"
8,1,"[16, 2, 59, 1]"
8,2,"[53, 26, 15, 48]"
8,3,"[30, 15, 0, 29]"
8,4,"[39, 33, 1, 5]"
8,5,"[8, 45, 59, 31]"
8,6,"[43, 31, 49, 57]"
8,7,"[43, 44, 35, 17]"
8,8,"[30, 35, 34, 39]"
8,9,"[54, 37, 18, 24]"
8,10,"[1, 11, 19, 39]"
8,11,"[46, 14, 59, 45]"
8,12,"[30, 23, 2, 43]"
8,13,"[37, 30, 13, 45]"
8,14,"[1, 6, 39, 51]"
8,15,"[55, 40, 41, 35]"
8,16,"[25, 20, 58, 4]"
8,17,"[18, 35, 32, 14]"
8,18,"[26, 36, 12, 34]"
8,19,"[50, 10, 18, 54]"
8,20,"[55, 39, 17, 5]"
8,21,"[28, 6, 41, 17]"
8,22,"[49, 46, 34, 4]"
8,23,"[26, 22, 42, 52]"
9,0,"[12, 10, 16, 3]"
9,1,"[9, 1, 2, 5]"
9,2,"[10, 47, 14, 21]"
9,3,"[33, 25, 24, 18]"
9,4,"[38, 47, 33, 12]"
9,5,"[31, 19, 52, 17]"
9,6,"[47, 12, 26, 59]"
9,7,"[27, 11, 33, 16]"
9,8,"[5, 27, 53, 58]"
9,9,"[56, 8, 39, 26]"
9,10,"[11, 47, 6, 24]"
9,11,"[30, 26, 13, 15]"
9,12,"[29, 50, 19, 28]"
9,13,"[56, 14, 43, 9]"
9,14,"[7, 58, 1, 42]"
9,15,"[14, 25, 28, 15]"
9,16,"[23, 27, 25, 51]"
9,17,"[47, 5, 34, 1]"
9,18,"[0, 25, 56, 16]"
9,19,"[28, 36, 42, 34]"
9,20,"[49, 32, 57, 53]"
9,21,"[22, 36, 44, 48]"
9,22,"[34, 55, 1, 45]"
9,23,"[14, 1, 55, 45]"
10,0,"[28, 26, 27, 2]"
10,1,"[26, 47, 35, 33]"
10,2,"[16, 21, 20, 41]"
10,3,"[24, 8, 37, 21]"
10,4,"[6, 45, 44, 33]"
10,5,"[25, 31, 34, 13]"
10,6,"[55, 7, 41, 39]"
10,7,"[29, 2, 53, 31]"
10,8,"[16, 9, 40, 35]"
10,9,"[0, 18, 57, 43]"
10,10,"[42, 11, 56, 39]"
10,11,"[46, 48, 37, 45]"
10,12,"[32, 54, 7, 11]"
10,13,"[37, 19, 54, 4]"
10,14,"[17, 1, 28, 16]"
10,15,"[22, 41, 13, 2]"
10,16,"[25, 58, 51, 31]"
10,17,"[18, 7, 35, 51]"
10,18,"[20, 19, 12, 21]"
10,19,"[24, 26, 50, 12]"
10,20,"[55, 39, 4, 28]"
10,21,"[45, 16, 28, 44]"
10,22,"[49, 32, 36, 55]"
10,23,"[37, 27, 54, 26]"
11,0,"[14, 42, 0, 56]"
11,1,"[29, 13, 25, 10]"
11,2,"[6, 23, 3, 49]"
11,3,"[9, 29, 21, 36]"
11,4,"[21, 10, 54, 17]"
11,5,"[46, 40, 58, 59]"
11,6,"[28, 14, 6, 11]"
11,7,"[50, 26, 42, 37]"
11,8,"[44, 55, 22, 16]"
11,9,"[9, 18, 4, 2]"
11,10,"[11, 13, 34, 15]"
11,11,"[33, 22, 15, 24]"
11,12,"[47, 22, 32, 23]"
11,13,"[18, 37, 4, 46]"
11,14,"[52, 41, 3, 19]"
11,15,"[4, 2, 51, 41]"
11,16,"[15, 28, 31, 21]"
11,17,"[22, 40, 16, 51]"
11,18,"[54, 44, 58, 35]"
11,19,"[17, 19, 38, 27]"
11,20,"[38, 42, 46, 43]"
11,21,"[0, 36, 14, 6]"
11,22,"[20, 31, 15, 13]"
11,23,"[34, 41, 46, 13]"
12,0,"[0, 30, 5, 23]"
12,1,"[44, 36, 52, 4]"
12,2,"[51, 54, 1, 35]"
12,3,"[31, 56, 22, 39]"
12,4,"[37, 27, 8, 41]"
12,5,"[58, 14, 38, 9]"
12,6,"[34, 51, 36, 14]"
12,7,"[50, 20, 42, 56]"
12,8,"[44, 57, 18, 55]"
12,9,"[4, 34, 12, 2]"
12,10,"[18, 13, 22, 23]"
12,11,"[33, 49, 17, 44]"
12,12,"[22, 39, 21, 47]"
12,13,"[46, 10, 27, 15]"
12,14,"[52, 9, 43, 3]"
12,15,"[50, 17, 44, 6]"
12,16,"[34, 35, 57, 17]"
12,17,"[46, 4, 35, 5]"
12,18,"[57, 47, 22, 18]"
12,19,"[45, 48, 7, 29]"
12,20,"[13, 47, 46, 16]"
12,21,"[13, 10, 33, 15]"
12,22,"[12, 53, 42, 51]"
12,23,"[41, 59, 13, 31]"
13,0,"[18, 0, 13, 44]"
13,1,"[19, 34, 24, 50]"
13,2,"[50, 44, 43, 18]"
13,3,"[53, 40, 5, 25]"
13,4,"[53, 43, 10, 46]"
13,5,"[50, 14, 33, 40]"
13,6,"[35, 36, 2, 9]"
13,7,"[24, 50, 10, 42]"
13,8,"[0, 36, 55, 58]"
13,9,"[20, 34, 26, 7]"
13,10,"[43, 18, 37, 32]"
13,11,"[18, 1, 8, 44]"
13,12,"[16, 40, 38, 53]"
13,13,"[22, 10, 18, 27]"
13,14,"[26, 41, 4, 35]"
13,15,"[19, 30, 24, 57]"
13,16,"[39, 3, 10, 12]"
13,17,"[0, 41, 46, 58]"
13,18,"[57, 18, 47, 25]"
13,19,"[45, 28, 48, 29]"
13,20,"[40, 13, 1, 30]"
13,21,"[53, 2, 13, 21]"
13,22,"[53, 59, 42, 40]"
13,23,"[59, 23, 41, 35]"
14,0,"[50, 54, 13, 49]"
14,1,"[36, 34, 18, 41]"
14,2,"[56, 32, 57, 44]"
14,3,"[3, 23, 53, 49]"
14,4,"[47, 23, 5, 51]"
14,5,"[12, 33, 47, 14]"
14,6,"[9, 33, 8, 44]"
14,7,"[30, 24, 9, 42]"
14,8,"[58, 0, 24, 54]"
14,9,"[58, 32, 40, 12]"
14,10,"[43, 18, 4, 19]"
14,11,"[23, 42, 1, 44]"
14,12,"[17, 16, 42, 34]"
14,13,"[22, 26, 14, 20]"
14,14,"[34, 35, 36, 53]"
14,15,"[20, 24, 57, 8]"
14,16,"[2, 8, 40, 59]"
14,17,"[11, 4, 26, 59]"
14,18,"[47, 10, 18, 25]"
14,19,"[29, 48, 45, 20]"
14,20,"[13, 46, 19, 5]"
14,21,"[15, 13, 46, 10]"
14,22,"[43, 15, 48, 42]"
14,23,"[49, 28, 2, 41]"
15,0,"[40, 15, 24, 57]"
15,1,"[36, 34, 35, 46]"
15,2,"[24, 56, 35, 30]"
15,3,"[4, 33, 13, 19]"
15,4,"[22, 57, 7, 15]"
15,5,"[29, 15, 37, 27]"
15,6,"[42, 19, 44, 16]"
15,7,"[23, 17, 55, 15]"
15,8,"[59, 3, 33, 20]"
15,9,"[36, 50, 52, 15]"
15,10,"[36, 2, 55, 17]"
15,11,"[23, 59, 41, 21]"
15,12,"[15, 57, 46, 56]"
15,13,"[28, 26, 32, 7]"
15,14,"[55, 20, 27, 54]"
15,15,"[36, 19, 53, 46]"
15,16,"[11, 55, 46, 33]"
15,17,"[0, 3, 43, 35]"
15,18,"[3, 55, 20, 37]"
15,19,"[30, 14, 45, 50]"
15,20,"[59, 16, 35, 9]"
15,21,"[16, 3, 25, 41]"
15,22,"[52, 46, 5, 40]"
15,23,"[49, 9, 22, 35]"
16,0,"[7, 39, 48, 52]"
16,1,"[18, 53, 34, 27]"
16,2,"[2, 34, 43, 25]"
16,3,"[30, 16, 0, 39]"
16,4,"[31, 24, 27, 36]"
16,5,"[32, 20, 19, 34]"
16,6,"[57, 31, 43, 35]"
16,7,"[43, 35, 54, 53]"
16,8,"[39, 34, 30, 47]"
16,9,"[54, 5, 48, 32]"
16,10,"[1, 36, 4, 17]"
16,11,"[59, 14, 22, 40]"
16,12,"[30, 47, 54, 42]"
16,13,"[30, 13, 37, 35]"
16,14,"[6, 54, 25, 11]"
16,15,"[55, 32, 48, 15]"
16,16,"[4, 59, 20, 56]"
16,17,"[18, 20, 9, 45]"
16,18,"[12, 34, 17, 25]"
16,19,"[33, 38, 50, 41]"
16,20,"[55, 17, 50, 6]"
16,21,"[17, 56, 27, 36]"
16,22,"[49, 58, 23, 20]"
16,23,"[9, 14, 30, 53]"
17,0,"[4, 46, 55, 47]"
17,1,"[29, 13, 6, 31]"
17,2,"[6, 23, 49, 46]"
17,3,"[9, 11, 16, 19]"
17,4,"[21, 7, 17, 33]"
17,5,"[46, 3, 40, 18]"
17,6,"[28, 2, 38, 21]"
17,7,"[26, 50, 32, 36]"
17,8,"[22, 44, 16, 26]"
17,9,"[34, 9, 0, 29]"
17,10,"[3, 23, 13, 43]"
17,11,"[33, 9, 29, 27]"
17,12,"[22, 36, 11, 47]"
17,13,"[18, 15, 4, 8]"
17,14,"[35, 52, 34, 41]"
17,15,"[4, 51, 30, 13]"
17,16,"[38, 9, 3, 51]"
17,17,"[22, 40, 51, 11]"
17,18,"[58, 43, 54, 2]"
17,19,"[19, 50, 38, 16]"
17,20,"[38, 28, 37, 54]"
17,21,"[0, 4, 14, 34]"
17,22,"[44, 20, 58, 15]"
17,23,"[51, 41, 58, 54]"
18,0,"[30, 0, 55, 23]"
18,1,"[44, 36, 10, 12]"
18,2,"[51, 54, 19, 39]"
18,3,"[31, 56, 39, 35]"
18,4,"[37, 27, 5, 36]"
18,5,"[14, 58, 40, 24]"
18,6,"[34, 28, 36, 2]"
18,7,"[20, 50, 19, 10]"
18,8,"[44, 57, 26, 18]"
18,9,"[34, 4, 39, 3]"
18,10,"[23, 13, 22, 3]"
18,11,"[33, 58, 49, 0]"
18,12,"[22, 39, 47, 58]"
18,13,"[46, 15, 8, 4]"
18,14,"[52, 43, 9, 3]"
18,15,"[50, 4, 44, 17]"
18,16,"[35, 34, 21, 28]"
18,17,"[9, 35, 58, 25]"
18,18,"[57, 21, 43, 55]"
18,19,"[11, 46, 42, 15]"
18,20,"[16, 59, 6, 23]"
18,21,"[54, 31, 44, 14]"
18,22,"[33, 59, 51, 17]"
18,23,"[57, 29, 43, 0]"
19,0,"[18, 51, 56, 32]"
19,1,"[19, 52, 37, 21]"
19,2,"[37, 43, 29, 45]"
19,3,"[55, 46, 35, 39]"
19,4,"[48, 25, 23, 12]"
19,5,"[26, 18, 53, 22]"
19,6,"[51, 58, 2, 33]"
19,7,"[56, 36, 0, 11]"
19,8,"[54, 13, 24, 38]"
19,9,"[12, 26, 11, 55]"
19,10,"[14, 44, 48, 49]"
19,11,"[19, 36, 53, 5]"
19,12,"[3, 55, 41, 24]"
19,13,"[57, 27, 20, 43]"
19,14,"[27, 23, 22, 24]"
19,15,"[19, 47, 0, 52]"
19,16,"[15, 18, 24, 55]"
19,17,"[0, 30, 34, 52]"
19,18,"[13, 57, 1, 10]"
19,19,"[3, 39, 29, 10]"
19,20,"[52, 22, 30, 16]"
19,21,"[32, 12, 41, 6]"
19,22,"[57, 52, 15, 35]"
19,23,"[49, 40, 6, 35]"
20,0,"[19, 17, 57, 22]"
20,1,"[18, 53, 7, 1]"
20,2,"[2, 43, 18, 28]"
20,3,"[30, 44, 16, 21]"
20,4,"[31, 24, 41, 12]"
20,5,"[18, 36, 32, 11]"
20,6,"[57, 31, 46, 30]"
20,7,"[35, 43, 54, 21]"
20,8,"[39, 47, 30, 53]"
20,9,"[54, 23, 43, 24]"
20,10,"[1, 17, 36, 8]"
20,11,"[59, 22, 14, 3]"
20,12,"[30, 54, 23, 6]"
20,13,"[30, 50, 37, 35]"
20,14,"[6, 47, 49, 51]"
20,15,"[55, 33, 8, 32]"
20,16,"[25, 59, 20, 28]"
20,17,"[18, 12, 20, 9]"
20,18,"[12, 59, 17, 44]"
20,19,"[3, 33, 30, 38]"
20,20,"[55, 4, 16, 15]"
20,21,"[44, 45, 23, 43]"
20,22,"[49, 57, 50, 58]"
20,23,"[7, 12, 27, 26]"
21,0,"[4, 46, 55, 47]"
21,1,"[29, 10, 6, 31]"
21,2,"[52, 49, 37, 42]"
21,3,"[41, 9, 19, 56]"
21,4,"[17, 4, 37, 12]"
21,5,"[23, 10, 3, 38]"
21,6,"[40, 3, 23, 21]"
21,7,"[26, 13, 49, 59]"
21,8,"[10, 37, 49, 26]"
21,9,"[14, 42, 46, 31]"
21,10,"[25, 28, 20, 30]"
21,11,"[16, 29, 9, 56]"
21,12,"[10, 36, 21, 48]"
21,13,"[29, 39, 41, 55]"
21,14,"[45, 14, 52, 46]"
21,15,"[59, 50, 29, 32]"
21,16,"[34, 6, 9, 35]"
21,17,"[49, 24, 40, 15]"
21,18,"[35, 6, 21, 30]"
21,19,"[17, 44, 19, 11]"
21,20,"[53, 26, 1, 8]"
21,21,"[29, 51, 20, 14]"
21,22,"[6, 51, 48, 47]"
21,23,"[31, 5, 21, 40]"
22,0,"[6, 4, 47, 9]"
22,1,"[25, 19, 49, 56]"
22,2,"[29, 42, 52, 43]"
22,3,"[41, 53, 6, 48]"
22,4,"[40, 37, 36, 25]"
22,5,"[54, 23, 10, 7]"
22,6,"[51, 4, 34, 21]"
22,7,"[24, 59, 20, 13]"
22,8,"[18, 10, 37, 23]"
22,9,"[46, 59, 31, 42]"
22,10,"[30, 18, 25, 43]"
22,11,"[0, 53, 43, 35]"
22,12,"[10, 16, 31, 35]"
22,13,"[29, 22, 44, 8]"
22,14,"[35, 2, 37, 8]"
22,15,"[44, 56, 37, 50]"
22,16,"[49, 35, 42, 10]"
22,17,"[24, 53, 39, 46]"
22,18,"[45, 57, 43, 21]"
22,19,"[32, 45, 43, 20]"
22,20,"[27, 47, 8, 25]"
22,21,"[42, 54, 53, 21]"
22,22,"[59, 40, 21, 7]"
22,23,"[59, 41, 4, 40]"
23,0,"[20, 12, 29, 49]"
23,1,"[36, 18, 30, 41]"
23,2,"[56, 32, 29, 45]"
23,3,"[3, 23, 53, 13]"
23,4,"[5, 23, 47, 13]"
23,5,"[47, 12, 33, 54]"
23,6,"[9, 33, 44, 8]"
23,7,"[24, 30, 9, 42]"
23,8,"[58, 54, 0, 24]"
23,9,"[58, 40, 12, 41]"
23,10,"[18, 43, 30, 24]"
23,11,"[52, 23, 42, 1]"
23,12,"[16, 17, 8, 34]"
23,13,"[20, 26, 22, 14]"
23,14,"[35, 48, 53, 34]"
23,15,"[20, 15, 8, 57]"
23,16,"[2, 8, 40, 59]"
23,17,"[11, 4, 26, 59]"
23,18,"[47, 10, 18, 25]"
23,19,"[29, 48, 45, 9]"
23,20,"[13, 46, 45, 40]"
23,21,"[15, 13, 46, 59]"
23,22,"[43, 15, 36, 54]"
23,23,"[13, 49, 41, 0]"
24,0,"[40, 15, 24, 20]"
24,1,"[36, 35, 55, 46]"
24,2,"[24, 56, 35, 30]"
24,3,"[4, 13, 37, 32]"
24,4,"[22, 57, 7, 1]"
24,5,"[29, 15, 37, 27]"
24,6,"[42, 19, 44, 16]"
24,7,"[17, 23, 55, 15]"
24,8,"[59, 33, 3, 17]"
24,9,"[50, 52, 36, 15]"
24,10,"[2, 36, 50, 17]"
24,11,"[23, 52, 39, 41]"
24,12,"[56, 15, 46, 57]"
24,13,"[28, 7, 32, 11]"
24,14,"[55, 20, 48, 18]"
24,15,"[53, 36, 7, 50]"
24,16,"[55, 11, 33, 28]"
24,17,"[3, 43, 35, 27]"
24,18,"[3, 55, 20, 24]"
24,19,"[7, 45, 30, 31]"
24,20,"[47, 9, 39, 41]"
24,21,"[33, 7, 10, 16]"
24,22,"[53, 52, 9, 12]"
24,23,"[49, 41, 2, 33]"
25,0,"[7, 52, 48, 39]"
25,1,"[53, 55, 36, 10]"
25,2,"[2, 20, 35, 15]"
25,3,"[30, 15, 10, 21]"
25,4,"[39, 31, 24, 1]"
25,5,"[32, 8, 2, 50]"
25,6,"[31, 43, 35, 45]"
25,7,"[43, 17, 41, 5]"
25,8,"[30, 43, 34, 35]"
25,9,"[41, 5, 17, 37]"
25,10,"[1, 19, 35, 36]"
25,11,"[22, 50, 46, 12]"
25,12,"[2, 26, 43, 52]"
25,13,"[23, 13, 2, 33]"
25,14,"[40, 17, 36, 55]"
25,15,"[48, 40, 55, 15]"
25,16,"[52, 40, 5, 59]"
25,17,"[45, 55, 50, 59]"
25,18,"[26, 17, 48, 42]"
25,19,"[35, 31, 37, 57]"
25,20,"[50, 55, 29, 58]"
25,21,"[47, 33, 10, 56]"
25,22,"[3, 17, 46, 40]"
25,23,"[6, 9, 27, 32]"
26,0,"[46, 3, 55, 0]"
26,1,"[29, 25, 13, 39]"
26,2,"[6, 4, 17, 56]"
26,3,"[9, 41, 46, 19]"
26,4,"[21, 54, 17, 20]"
26,5,"[58, 36, 24, 9]"
26,6,"[54, 38, 0, 49]"
26,7,"[41, 2, 38, 53]"
26,8,"[18, 16, 22, 44]"
26,9,"[31, 43, 4, 26]"
26,10,"[3, 30, 41, 53]"
26,11,"[49, 22, 43, 27]"
26,12,"[36, 59, 1, 47]"
26,13,"[18, 41, 47, 4]"
26,14,"[52, 58, 3, 53]"
26,15,"[58, 31, 25, 27]"
26,16,"[15, 6, 48, 28]"
26,17,"[22, 23, 8, 29]"
26,18,"[35, 54, 5, 21]"
26,19,"[17, 22, 19, 34]"
26,20,"[38, 43, 26, 3]"
26,21,"[12, 34, 48, 25]"
26,22,"[57, 28, 5, 22]"
26,23,"[31, 44, 1, 30]"
27,0,"[0, 21, 55, 17]"
27,1,"[44, 36, 39, 49]"
27,2,"[54, 59, 38, 1]"
27,3,"[31, 26, 22, 20]"
27,4,"[37, 36, 29, 5]"
27,5,"[58, 32, 46, 14]"
27,6,"[51, 23, 36, 4]"
27,7,"[20, 57, 8, 10]"
27,8,"[18, 57, 44, 7]"
27,9,"[4, 33, 16, 31]"
27,10,"[3, 53, 30, 22]"
27,11,"[49, 55, 43, 56]"
27,12,"[21, 39, 5, 27]"
27,13,"[27, 55, 18, 10]"
27,14,"[52, 9, 43, 26]"
27,15,"[50, 17, 27, 32]"
27,16,"[57, 34, 35, 4]"
27,17,"[24, 41, 5, 35]"
27,18,"[57, 19, 10, 52]"
27,19,"[45, 7, 17, 11]"
27,20,"[47, 13, 39, 31]"
27,21,"[33, 10, 54, 20]"
27,22,"[51, 53, 57, 12]"
27,23,"[31, 59, 41, 1]"
28,0,"[6, 41, 18, 4]"
28,1,"[25, 51, 48, 18]"
28,2,"[43, 29, 51, 3]"
28,3,"[46, 58, 40, 11]"
28,4,"[32, 36, 9, 1]"
28,5,"[56, 16, 51, 27]"
28,6,"[4, 24, 49, 5]"
28,7,"[25, 52, 59, 13]"
28,8,"[21, 37, 52, 15]"
28,9,"[33, 3, 42, 31]"
28,10,"[52, 58, 30, 53]"
28,11,"[55, 43, 53, 13]"
28,12,"[20, 5, 24, 37]"
28,13,"[0, 41, 1, 8]"
28,14,"[46, 12, 15, 8]"
28,15,"[58, 11, 29, 44]"
28,16,"[35, 10, 42, 45]"
28,17,"[24, 46, 38, 8]"
28,18,"[45, 4, 43, 41]"
28,19,"[32, 45, 58, 52]"
28,20,"[47, 56, 26, 44]"
28,21,"[42, 50, 54, 38]"
28,22,"[59, 48, 21, 4]"
28,23,"[4, 21, 58, 5]"
29,0,"[38, 59, 49, 4]"
29,1,"[54, 52, 13, 41]"
29,2,"[37, 45, 46, 43]"
29,3,"[55, 53, 11, 58]"
29,4,"[23, 34, 48, 53]"
29,5,"[43, 47, 15, 54]"
29,6,"[38, 8, 44, 15]"
29,7,"[36, 56, 0, 42]"
29,8,"[54, 48, 2, 38]"
29,9,"[38, 40, 12, 55]"
29,10,"[18, 33, 32, 5]"
29,11,"[36, 5, 23, 21]"
29,12,"[28, 55, 8, 14]"
29,13,"[20, 48, 57, 18]"
29,14,"[23, 22, 42, 35]"
29,15,"[0, 52, 26, 49]"
29,16,"[15, 24, 44, 39]"
29,17,"[30, 10, 26, 34]"
29,18,"[13, 33, 31, 18]"
29,19,"[10, 3, 39, 45]"
29,20,"[16, 30, 20, 33]"
29,21,"[32, 37, 12, 6]"
29,22,"[57, 15, 28, 35]"
29,23,"[41, 35, 47, 57]"
30,0,"[30, 25, 19, 22]"
30,1,"[34, 41, 5, 52]"
30,2,"[6, 45, 37, 44]"
30,3,"[53, 33, 55, 32]"
30,4,"[53, 52, 35, 5]"
30,5,"[47, 14, 43, 50]"
30,6,"[2, 36, 38, 9]"
30,7,"[24, 36, 25, 57]"
30,8,"[0, 48, 54, 36]"
30,9,"[34, 38, 12, 19]"
30,10,"[43, 18, 32, 21]"
30,11,"[1, 8, 36, 18]"
30,12,"[16, 40, 1, 24]"
30,13,"[18, 20, 48, 6]"
30,14,"[35, 26, 10, 4]"
30,15,"[4, 30, 3, 49]"
30,16,"[12, 39, 36, 13]"
30,17,"[36, 30, 5, 14]"
30,18,"[18, 13, 7, 58]"
30,19,"[14, 45, 26, 15]"
30,20,"[40, 30, 47, 46]"
30,21,"[32, 7, 46, 6]"
30,22,"[37, 39, 14, 54]"
30,23,"[41, 39, 40, 53]"
31,0,"[50, 54, 26, 52]"
31,1,"[34, 59, 35, 1]"
31,2,"[15, 6, 30, 7]"
31,3,"[30, 15, 0, 21]"
31,4,"[39, 55, 24, 13]"
31,5,"[8, 20, 22, 2]"
31,6,"[43, 31, 57, 45]"
31,7,"[43, 35, 5, 45]"
31,8,"[30, 43, 39, 34]"
31,9,"[41, 24, 54, 23]"
31,10,"[35, 1, 19, 59]"
31,11,"[59, 14, 50, 22]"
31,12,"[2, 30, 13, 23]"
31,13,"[30, 23, 33, 35]"
31,14,"[17, 40, 56, 6]"
31,15,"[24, 55, 40, 48]"
31,16,"[54, 22, 14, 58]"
31,17,"[55, 45, 32, 50]"
31,18,"[26, 53, 30, 47]"
31,19,"[13, 1, 24, 23]"
31,20,"[24, 37, 19, 13]"
31,21,"[26, 50, 10, 15]"
31,22,"[4, 3, 10, 24]"
31,23,"[24, 6, 40, 8]"
32,0,"[12, 3, 16, 17]"
32,1,"[36, 30, 18, 21]"
32,2,"[56, 32, 30, 7]"
32,3,"[3, 13, 37, 33]"
32,4,"[43, 5, 46, 13]"
32,5,"[12, 33, 14, 59]"
32,6,"[9, 33, 2, 49]"
32,7,"[24, 58, 19, 18]"
32,8,"[58, 50, 52, 24]"
32,9,"[58, 9, 32, 26]"
32,10,"[43, 23, 26, 8]"
32,11,"[44, 27, 1, 34]"
32,12,"[17, 18, 16, 53]"
32,13,"[46, 22, 47, 8]"
32,14,"[53, 34, 35, 39]"
32,15,"[8, 20, 24, 57]"
32,16,"[2, 8, 54, 31]"
32,17,"[11, 4, 7, 14]"
32,18,"[47, 10, 18, 27]"
32,19,"[29, 48, 45, 15]"
32,20,"[13, 46, 19, 30]"
32,21,"[15, 13, 46, 27]"
32,22,"[43, 42, 15, 54]"
32,23,"[53, 41, 13, 23]"
33,0,"[40, 35, 3, 2]"
33,1,"[36, 53, 6, 12]"
33,2,"[59, 11, 56, 0]"
33,3,"[3, 37, 12, 33]"
33,4,"[39, 1, 5, 7]"
33,5,"[51, 29, 37, 59]"
33,6,"[9, 24, 35, 48]"
33,7,"[7, 8, 24, 58]"
33,8,"[58, 11, 52, 1]"
33,9,"[58, 32, 59, 7]"
33,10,"[38, 23, 4, 26]"
33,11,"[58, 51, 44, 34]"
33,12,"[27, 18, 17, 53]"
33,13,"[27, 55, 34, 22]"
33,14,"[53, 5, 8, 11]"
33,15,"[20, 27, 24, 6]"
33,16,"[2, 8, 30, 53]"
33,17,"[59, 4, 25, 14]"
33,18,"[18, 3, 51, 10]"
33,19,"[45, 27, 9, 18]"
33,20,"[5, 46, 30, 41]"
33,21,"[46, 10, 8, 15]"
33,22,"[54, 15, 12, 43]"
33,23,"[41, 13, 23, 53]"
34,0,"[36, 1, 46, 40]"
34,1,"[36, 55, 54, 34]"
34,2,"[30, 24, 35, 34]"
34,3,"[4, 42, 37, 12]"
34,4,"[22, 1, 57, 15]"
34,5,"[29, 37, 15, 57]"
34,6,"[42, 19, 16, 44]"
34,7,"[17, 23, 15, 55]"
34,8,"[59, 3, 33, 17]"
34,9,"[50, 52, 17, 15]"
34,10,"[36, 2, 0, 17]"
34,11,"[23, 2, 38, 21]"
34,12,"[57, 4, 56, 46]"
34,13,"[32, 7, 28, 53]"
34,14,"[20, 21, 18, 30]"
34,15,"[53, 36, 39, 46]"
34,16,"[11, 33, 46, 21]"
34,17,"[43, 3, 35, 59]"
34,18,"[3, 20, 36, 46]"
34,19,"[45, 2, 54, 25]"
34,20,"[35, 19, 31, 41]"
34,21,"[7, 57, 10, 16]"
34,22,"[46, 52, 54, 34]"
34,23,"[26, 41, 25, 27]"
35,0,"[7, 13, 24, 47]"
35,1,"[11, 55, 36, 7]"
35,2,"[35, 24, 48, 15]"
35,3,"[42, 21, 29, 44]"
35,4,"[28, 7, 21, 18]"
35,5,"[29, 25, 22, 15]"
35,6,"[42, 19, 45, 15]"
35,7,"[17, 54, 15, 55]"
35,8,"[59, 17, 56, 3]"
35,9,"[50, 13, 52, 15]"
35,10,"[36, 8, 2, 17]"
35,11,"[12, 32, 31, 21]"
35,12,"[12, 23, 43, 0]"
35,13,"[33, 2, 51, 45]"
35,14,"[54, 57, 13, 18]"
35,15,"[39, 33, 46, 21]"
35,16,"[37, 11, 5, 51]"
35,17,"[20, 58, 42, 33]"
35,18,"[46, 36, 26, 53]"
35,19,"[52, 31, 23, 16]"
35,20,"[19, 55, 6, 42]"
35,21,"[57, 59, 34, 48]"
35,22,"[52, 46, 3, 33]"
35,23,"[26, 25, 27, 7]"
36,0,"[42, 36, 26, 2]"
36,1,"[25, 38, 29, 49]"
36,2,"[52, 47, 54, 27]"
36,3,"[9, 43, 41, 19]"
36,4,"[4, 17, 56, 50]"
36,5,"[46, 3, 16, 30]"
36,6,"[23, 40, 21, 13]"
36,7,"[49, 13, 26, 32]"
36,8,"[26, 49, 10, 37]"
36,9,"[33, 31, 42, 14]"
36,10,"[53, 25, 3, 20]"
36,11,"[9, 16, 49, 56]"
36,12,"[5, 36, 21, 20]"
36,13,"[18, 10, 4, 41]"
36,14,"[52, 34, 53, 45]"
36,15,"[59, 57, 8, 58]"
36,16,"[15, 6, 45, 17]"
36,17,"[22, 40, 49, 29]"
36,18,"[35, 58, 14, 54]"
36,19,"[19, 17, 36, 41]"
36,20,"[43, 38, 46, 1]"
36,21,"[34, 29, 48, 4]"
36,22,"[57, 1, 2, 31]"
36,23,"[54, 55, 38, 58]"
37,0,"[21, 32, 36, 17]"
37,1,"[44, 4, 1, 8]"
37,2,"[54, 36, 1, 28]"
37,3,"[31, 43, 29, 20]"
37,4,"[37, 2, 25, 10]"
37,5,"[46, 28, 9, 6]"
37,6,"[36, 34, 22, 53]"
37,7,"[20, 36, 50, 57]"
37,8,"[18, 57, 44, 7]"
37,9,"[4, 33, 16, 12]"
37,10,"[3, 53, 22, 30]"
37,11,"[49, 56, 55, 43]"
37,12,"[21, 39, 5, 40]"
37,13,"[27, 55, 10, 53]"
37,14,"[52, 9, 43, 26]"
37,15,"[50, 17, 5, 32]"
37,16,"[57, 34, 35, 32]"
37,17,"[38, 5, 41, 4]"
37,18,"[57, 7, 20, 30]"
37,19,"[7, 45, 18, 11]"
37,20,"[16, 34, 47, 13]"
37,21,"[33, 10, 20, 54]"
37,22,"[51, 12, 57, 53]"
37,23,"[41, 59, 31, 55]"
38,0,"[6, 29, 18, 35]"
38,1,"[19, 34, 24, 56]"
38,2,"[50, 44, 18, 42]"
38,3,"[53, 40, 45, 16]"
38,4,"[53, 43, 10, 30]"
38,5,"[14, 50, 33, 47]"
38,6,"[35, 36, 14, 2]"
38,7,"[24, 50, 33, 34]"
38,8,"[0, 36, 55, 14]"
38,9,"[20, 26, 49, 34]"
38,10,"[43, 37, 13, 38]"
38,11,"[1, 18, 8, 44]"
38,12,"[40, 16, 38, 52]"
38,13,"[22, 10, 27, 18]"
38,14,"[26, 41, 35, 4]"
38,15,"[30, 24, 19, 57]"
38,16,"[39, 10, 3, 2]"
38,17,"[41, 0, 4, 58]"
38,18,"[18, 57, 49, 7]"
38,19,"[56, 29, 9, 36]"
38,20,"[40, 15, 16, 23]"
38,21,"[44, 38, 27, 41]"
38,22,"[14, 36, 5, 1]"
38,23,"[35, 55, 19, 43]"
39,0,"[50, 54, 53, 26]"
39,1,"[34, 59, 35, 1]"
39,2,"[15, 26, 6, 20]"
39,3,"[30, 10, 35, 26]"
39,4,"[55, 39, 41, 2]"
39,5,"[8, 22, 24, 38]"
39,6,"[43, 31, 57, 45]"
39,7,"[35, 43, 54, 21]"
39,8,"[33, 30, 34, 39]"
39,9,"[54, 24, 13, 23]"
39,10,"[59, 4, 35, 36]"
39,11,"[14, 59, 22, 12]"
39,12,"[30, 59, 2, 23]"
39,13,"[50, 30, 35, 33]"
39,14,"[56, 6, 25, 49]"
39,15,"[55, 24, 40, 57]"
39,16,"[20, 4, 5, 43]"
39,17,"[29, 12, 18, 45]"
39,18,"[34, 12, 26, 44]"
39,19,"[13, 23, 54, 1]"
39,20,"[24, 13, 31, 49]"
39,21,"[3, 26, 30, 38]"
39,22,"[49, 23, 4, 42]"
39,23,"[24, 46, 50, 27]"
40,0,"[3, 12, 10, 49]"
40,1,"[34, 40, 23, 48]"
40,2,"[10, 44, 47, 21]"
40,3,"[25, 50, 24, 31]"
40,4,"[49, 47, 43, 30]"
40,5,"[17, 44, 29, 48]"
40,6,"[47, 59, 26, 8]"
40,7,"[31, 9, 1, 18]"
40,8,"[27, 59, 0, 5]"
40,9,"[25, 8, 37, 18]"
40,10,"[37, 31, 12, 47]"
40,11,"[30, 20, 45, 15]"
40,12,"[38, 29, 9, 33]"
40,13,"[59, 9, 17, 45]"
40,14,"[5, 27, 26, 7]"
40,15,"[9, 24, 19, 14]"
40,16,"[23, 0, 19, 27]"
40,17,"[0, 1, 22, 10]"
40,18,"[15, 58, 9, 38]"
40,19,"[28, 53, 11, 36]"
40,20,"[49, 59, 29, 54]"
40,21,"[6, 49, 12, 36]"
40,22,"[14, 30, 9, 20]"
40,23,"[39, 53, 19, 55]"
41,0,"[40, 21, 30, 0]"
41,1,"[46, 42, 48, 12]"
41,2,"[22, 1, 53, 41]"
41,3,"[57, 58, 28, 36]"
41,4,"[30, 14, 2, 42]"
41,5,"[28, 38, 41, 21]"
41,6,"[52, 37, 38, 39]"
41,7,"[5, 29, 3, 12]"
41,8,"[9, 4, 47, 24]"
41,9,"[52, 21, 18, 59]"
41,10,"[42, 52, 8, 47]"
41,11,"[30, 19, 37, 4]"
41,12,"[19, 29, 9, 33]"
41,13,"[3, 14, 45, 52]"
41,14,"[15, 7, 39, 34]"
41,15,"[24, 9, 42, 15]"
41,16,"[23, 27, 0, 2]"
41,17,"[22, 32, 48, 1]"
41,18,"[15, 4, 9, 41]"
41,19,"[28, 5, 11, 22]"
41,20,"[49, 56, 54, 8]"
41,21,"[39, 51, 49, 56]"
41,22,"[30, 36, 43, 3]"
41,23,"[57, 53, 9, 14]"
42,0,"[58, 27, 11, 26]"
42,1,"[26, 34, 46, 22]"
42,2,"[22, 16, 35, 26]"
42,3,"[38, 39, 50, 4]"
42,4,"[6, 30, 44, 18]"
42,5,"[25, 34, 29, 37]"
42,6,"[7, 39, 41, 14]"
42,7,"[29, 7, 3, 55]"
42,8,"[16, 9, 35, 53]"
42,9,"[0, 57, 18, 32]"
42,10,"[42, 56, 8, 29]"
42,11,"[46, 48, 37, 22]"
42,12,"[7, 23, 54, 32]"
42,13,"[37, 40, 45, 11]"
42,14,"[17, 54, 28, 39]"
42,15,"[22, 4, 33, 24]"
42,16,"[58, 22, 25, 56]"
42,17,"[12, 18, 32, 20]"
42,18,"[12, 42, 28, 19]"
42,19,"[6, 24, 38, 13]"
42,20,"[7, 55, 38, 34]"
42,21,"[45, 31, 48, 28]"
42,22,"[29, 49, 23, 57]"
42,23,"[37, 27, 24, 25]"
43,0,"[14, 7, 57, 46]"
43,1,"[29, 13, 39, 12]"
43,2,"[6, 23, 49, 34]"
43,3,"[9, 59, 36, 29]"
43,4,"[10, 20, 51, 12]"
43,5,"[46, 40, 12, 35]"
43,6,"[28, 14, 6, 18]"
43,7,"[50, 15, 3, 42]"
43,8,"[44, 55, 47, 4]"
43,9,"[34, 39, 18, 49]"
43,10,"[23, 13, 37, 22]"
43,11,"[33, 34, 44, 22]"
43,12,"[17, 22, 47, 49]"
43,13,"[4, 18, 46, 8]"
43,14,"[35, 41, 58, 53]"
43,15,"[4, 30, 51, 2]"
43,16,"[51, 31, 9, 3]"
43,17,"[22, 2, 1, 44]"
43,18,"[54, 56, 7, 36]"
43,19,"[19, 17, 38, 41]"
43,20,"[38, 46, 37, 29]"
43,21,"[0, 9, 21, 14]"
43,22,"[20, 37, 22, 15]"
43,23,"[34, 54, 20, 15]"
44,0,"[0, 22, 57, 16]"
44,1,"[44, 20, 52, 49]"
44,2,"[51, 39, 25, 8]"
44,3,"[31, 29, 56, 44]"
44,4,"[37, 27, 14, 1]"
44,5,"[14, 58, 38, 43]"
44,6,"[34, 28, 36, 16]"
44,7,"[20, 50, 42, 55]"
44,8,"[44, 18, 57, 26]"
44,9,"[34, 4, 39, 3]"
44,10,"[23, 13, 22, 51]"
44,11,"[33, 34, 44, 55]"
44,12,"[22, 39, 47, 17]"
44,13,"[46, 59, 15, 8]"
44,14,"[52, 43, 53, 34]"
44,15,"[4, 50, 17, 30]"
44,16,"[34, 9, 35, 51]"
44,17,"[35, 19, 3, 4]"
44,18,"[14, 10, 20, 2]"
44,19,"[41, 38, 15, 14]"
44,20,"[30, 36, 37, 10]"
44,21,"[54, 31, 34, 41]"
44,22,"[4, 38, 23, 57]"
44,23,"[50, 24, 1, 33]"
45,0,"[56, 27, 5, 24]"
45,1,"[25, 19, 52, 12]"
45,2,"[37, 32, 9, 45]"
45,3,"[23, 37, 29, 26]"
45,4,"[23, 14, 10, 9]"
45,5,"[52, 26, 14, 33]"
45,6,"[27, 33, 2, 22]"
45,7,"[19, 31, 36, 11]"
45,8,"[58, 27, 7, 52]"
45,9,"[34, 58, 26, 35]"
45,10,"[40, 48, 23, 12]"
45,11,"[44, 55, 27, 34]"
45,12,"[18, 53, 24, 17]"
45,13,"[27, 59, 48, 8]"
45,14,"[26, 27, 53, 34]"
45,15,"[24, 19, 47, 20]"
45,16,"[8, 39, 2, 18]"
45,17,"[4, 28, 5, 0]"
45,18,"[22, 27, 31, 10]"
45,19,"[10, 9, 41, 42]"
45,20,"[30, 13, 53, 59]"
45,21,"[54, 13, 27, 22]"
45,22,"[13, 14, 43, 57]"
45,23,"[19, 29, 15, 27]"
46,0,"[25, 49, 19, 58]"
46,1,"[22, 28, 32, 10]"
46,2,"[55, 13, 27, 22]"
46,3,"[1, 24, 13, 8]"
46,4,"[6, 30, 5, 51]"
46,5,"[25, 27, 28, 38]"
46,6,"[46, 0, 56, 5]"
46,7,"[23, 34, 21, 42]"
46,8,"[9, 40, 24, 30]"
46,9,"[57, 0, 52, 43]"
46,10,"[42, 12, 56, 8]"
46,11,"[48, 27, 18, 46]"
46,12,"[7, 54, 50, 32]"
46,13,"[19, 43, 45, 32]"
46,14,"[16, 54, 39, 17]"
46,15,"[33, 22, 40, 51]"
46,16,"[46, 22, 11, 51]"
46,17,"[52, 20, 21, 58]"
46,18,"[59, 20, 8, 49]"
46,19,"[16, 50, 33, 12]"
46,20,"[55, 4, 35, 7]"
46,21,"[23, 16, 36, 39]"
46,22,"[18, 31, 11, 38]"
46,23,"[22, 42, 23, 54]"
47,0,"[41, 54, 27, 32]"
47,1,"[29, 37, 10, 4]"
47,2,"[36, 46, 52, 34]"
47,3,"[27, 56, 36, 43]"
47,4,"[50, 55, 36, 4]"
47,5,"[23, 10, 38, 24]"
47,6,"[40, 23, 25, 6]"
47,7,"[49, 26, 12, 10]"
47,8,"[36, 49, 16, 44]"
47,9,"[39, 57, 14, 29]"
47,10,"[13, 16, 20, 28]"
47,11,"[33, 29, 48, 26]"
47,12,"[22, 32, 2, 1]"
47,13,"[29, 15, 45, 12]"
47,14,"[39, 14, 52, 3]"
47,15,"[59, 13, 32, 33]"
47,16,"[6, 9, 51, 31]"
47,17,"[40, 48, 49, 9]"
47,18,"[35, 7, 11, 44]"
47,19,"[19, 50, 17, 46]"
47,20,"[43, 15, 42, 14]"
47,21,"[29, 4, 0, 34]"
47,22,"[6, 38, 31, 45]"
47,23,"[1, 54, 46, 29]"
48,0,"[55, 21, 7, 0]"
48,1,"[44, 37, 4, 12]"
48,2,"[1, 52, 36, 38]"
48,3,"[17, 43, 39, 50]"
48,4,"[37, 2, 50, 8]"
48,5,"[23, 31, 1, 10]"
48,6,"[34, 36, 30, 46]"
48,7,"[20, 53, 50, 55]"
48,8,"[36, 57, 50, 44]"
48,9,"[39, 4, 29, 2]"
48,10,"[13, 16, 51, 28]"
48,11,"[33, 56, 29, 17]"
48,12,"[39, 22, 21, 49]"
48,13,"[27, 55, 29, 46]"
48,14,"[52, 9, 43, 14]"
48,15,"[50, 57, 32, 44]"
48,16,"[34, 57, 35, 32]"
48,17,"[48, 38, 9, 40]"
48,18,"[57, 18, 7, 44]"
48,19,"[45, 7, 29, 48]"
48,20,"[36, 16, 12, 28]"
48,21,"[33, 54, 10, 23]"
48,22,"[57, 12, 53, 51]"
48,23,"[41, 59, 31, 1]"
49,0,"[18, 6, 29, 35]"
49,1,"[42, 19, 24, 6]"
49,2,"[57, 44, 50, 1]"
49,3,"[53, 25, 46, 50]"
49,4,"[19, 49, 55, 2]"
49,5,"[14, 47, 7, 38]"
49,6,"[47, 51, 35, 9]"
49,7,"[57, 33, 9, 46]"
49,8,"[23, 14, 36, 38]"
49,9,"[20, 59, 28, 7]"
49,10,"[18, 31, 21, 39]"
49,11,"[8, 30, 15, 18]"
49,12,"[38, 35, 40, 9]"
49,13,"[22, 38, 21, 9]"
49,14,"[41, 33, 32, 26]"
49,15,"[37, 50, 27, 3]"
49,16,"[10, 55, 0, 38]"
49,17,"[1, 30, 6, 14]"
49,18,"[23, 1, 37, 18]"
49,19,"[56, 7, 47, 45]"
49,20,"[0, 31, 8, 40]"
49,21,"[10, 7, 46, 54]"
49,22,"[12, 53, 30, 3]"
49,23,"[48, 11, 41, 57]"
50,0,"[10, 37, 50, 51]"
50,1,"[18, 35, 59, 58]"
50,2,"[6, 30, 3, 43]"
50,3,"[30, 2, 21, 59]"
50,4,"[24, 30, 27, 8]"
50,5,"[34, 50, 24, 57]"
50,6,"[35, 31, 43, 17]"
50,7,"[43, 12, 3, 21]"
50,8,"[47, 30, 43, 34]"
50,9,"[32, 41, 28, 1]"
50,10,"[1, 19, 34, 9]"
50,11,"[22, 50, 14, 17]"
50,12,"[2, 54, 3, 52]"
50,13,"[23, 44, 50, 3]"
50,14,"[40, 49, 17, 11]"
50,15,"[55, 32, 48, 40]"
50,16,"[52, 54, 56, 17]"
50,17,"[45, 55, 33, 16]"
50,18,"[17, 26, 37, 11]"
50,19,"[36, 7, 2, 37]"
50,20,"[50, 57, 44, 15]"
50,21,"[56, 17, 36, 20]"
50,22,"[20, 31, 4, 18]"
50,23,"[24, 40, 0, 32]"
51,0,"[4, 47, 52, 1]"
51,1,"[24, 30, 1, 17]"
51,2,"[7, 44, 14, 26]"
51,3,"[25, 33, 26, 59]"
51,4,"[21, 52, 35, 26]"
51,5,"[48, 42, 52, 53]"
51,6,"[22, 27, 52, 50]"
51,7,"[1, 33, 39, 9]"
51,8,"[53, 38, 14, 27]"
51,9,"[8, 20, 19, 25]"
51,10,"[47, 38, 21, 34]"
51,11,"[35, 1, 31, 30]"
51,12,"[38, 9, 33, 55]"
51,13,"[38, 27, 9, 22]"
51,14,"[10, 33, 5, 26]"
51,15,"[49, 25, 19, 3]"
51,16,"[57, 23, 13, 36]"
51,17,"[17, 0, 10, 47]"
51,18,"[38, 37, 32, 2]"
51,19,"[8, 34, 36, 27]"
51,20,"[20, 31, 23, 12]"
51,21,"[49, 6, 41, 56]"
51,22,"[30, 47, 19, 20]"
51,23,"[0, 20, 11, 34]"
52,0,"[10, 15, 37, 51]"
52,1,"[47, 2, 28, 37]"
52,2,"[50, 26, 7, 38]"
52,3,"[33, 49, 59, 22]"
52,4,"[21, 53, 25, 26]"
52,5,"[48, 24, 26, 36]"
52,6,"[51, 47, 11, 0]"
52,7,"[9, 57, 1, 17]"
52,8,"[14, 27, 38, 55]"
52,9,"[20, 8, 26, 32]"
52,10,"[31, 11, 39, 34]"
52,11,"[30, 15, 6, 35]"
52,12,"[38, 9, 33, 55]"
52,13,"[59, 9, 27, 38]"
52,14,"[27, 33, 26, 42]"
52,15,"[9, 25, 19, 41]"
52,16,"[10, 24, 0, 13]"
52,17,"[0, 29, 22, 44]"
52,18,"[27, 38, 24, 33]"
52,19,"[56, 59, 39, 53]"
52,20,"[49, 0, 23, 30]"
52,21,"[49, 22, 56, 37]"
52,22,"[14, 44, 30, 35]"
52,23,"[15, 45, 27, 34]"
53,0,"[41, 19, 26, 2]"
53,1,"[53, 27, 58, 7]"
53,2,"[2, 48, 33, 43]"
53,3,"[57, 45, 0, 54]"
53,4,"[0, 31, 59, 2]"
53,5,"[9, 21, 53, 1]"
53,6,"[56, 50, 37, 30]"
53,7,"[5, 14, 10, 46]"
53,8,"[56, 41, 12, 51]"
53,9,"[6, 8, 51, 44]"
53,10,"[42, 47, 34, 58]"
53,11,"[30, 19, 15, 37]"
53,12,"[9, 19, 33, 55]"
53,13,"[3, 57, 9, 14]"
53,14,"[33, 15, 42, 36]"
53,15,"[9, 25, 49, 41]"
53,16,"[23, 13, 0, 10]"
53,17,"[1, 10, 22, 5]"
53,18,"[4, 9, 56, 58]"
53,19,"[5, 28, 11, 58]"
53,20,"[49, 56, 13, 40]"
53,21,"[39, 24, 49, 36]"
53,22,"[14, 36, 30, 39]"
53,23,"[9, 14, 44, 30]"
54,0,"[17, 27, 32, 26]"
54,1,"[26, 58, 15, 39]"
54,2,"[2, 16, 21, 12]"
54,3,"[38, 2, 45, 0]"
54,4,"[18, 6, 44, 45]"
54,5,"[34, 25, 2, 8]"
54,6,"[7, 55, 49, 39]"
54,7,"[29, 46, 2, 42]"
54,8,"[16, 9, 35, 53]"
54,9,"[18, 57, 0, 28]"
54,10,"[42, 56, 39, 34]"
54,11,"[46, 18, 22, 45]"
54,12,"[7, 32, 54, 59]"
54,13,"[37, 5, 21, 40]"
54,14,"[17, 32, 1, 41]"
54,15,"[22, 9, 40, 2]"
54,16,"[58, 27, 22, 33]"
54,17,"[18, 32, 12, 22]"
54,18,"[42, 59, 28, 12]"
54,19,"[6, 24, 38, 28]"
54,20,"[7, 34, 55, 33]"
54,21,"[45, 6, 49, 28]"
54,22,"[49, 29, 32, 10]"
54,23,"[37, 29, 15, 27]"
55,0,"[56, 45, 14, 21]"
55,1,"[45, 42, 2, 12]"
55,2,"[0, 8, 49, 22]"
55,3,"[51, 22, 29, 39]"
55,4,"[33, 58, 54, 29]"
55,5,"[45, 59, 12, 6]"
55,6,"[54, 59, 49, 13]"
55,7,"[27, 58, 47, 51]"
55,8,"[5, 27, 42, 55]"
55,9,"[22, 8, 59, 56]"
55,10,"[31, 6, 34, 11]"
55,11,"[30, 54, 15, 2]"
55,12,"[38, 29, 35, 33]"
55,13,"[59, 9, 27, 38]"
55,14,"[27, 26, 50, 33]"
55,15,"[9, 19, 14, 25]"
55,16,"[23, 19, 27, 8]"
55,17,"[0, 22, 16, 19]"
55,18,"[57, 38, 15, 10]"
55,19,"[28, 36, 5, 47]"
55,20,"[12, 23, 59, 36]"
55,21,"[6, 2, 12, 27]"
55,22,"[53, 1, 33, 5]"
55,23,"[39, 59, 33, 48]"
56,0,"[31, 23, 5, 24]"
56,1,"[16, 2, 30, 37]"
56,2,"[7, 20, 48, 9]"
56,3,"[49, 38, 50, 6]"
56,4,"[28, 33, 22, 12]"
56,5,"[8, 45, 59, 44]"
56,6,"[51, 16, 55, 54]"
56,7,"[17, 15, 30, 44]"
56,8,"[59, 46, 27, 17]"
56,9,"[17, 5, 37, 50]"
56,10,"[31, 37, 12, 8]"
56,11,"[30, 6, 2, 36]"
56,12,"[46, 38, 3, 55]"
56,13,"[27, 13, 16, 59]"
56,14,"[55, 27, 5, 1]"
56,15,"[19, 40, 0, 36]"
56,16,"[46, 55, 0, 11]"
56,17,"[0, 22, 30, 55]"
56,18,"[1, 57, 13, 26]"
56,19,"[28, 37, 36, 50]"
56,20,"[9, 12, 17, 29]"
56,21,"[6, 12, 40, 3]"
56,22,"[26, 52, 38, 2]"
56,23,"[49, 44, 40, 33]"
57,0,"[20, 48, 15, 24]"
57,1,"[53, 27, 2, 33]"
57,2,"[2, 20, 26, 15]"
57,3,"[30, 15, 29, 19]"
57,4,"[31, 12, 5, 45]"
57,5,"[8, 7, 32, 55]"
57,6,"[43, 31, 57, 52]"
57,7,"[43, 21, 35, 10]"
57,8,"[39, 30, 34, 43]"
57,9,"[54, 24, 5, 23]"
57,10,"[1, 36, 15, 35]"
57,11,"[59, 46, 14, 22]"
57,12,"[30, 23, 13, 0]"
57,13,"[37, 30, 35, 33]"
57,14,"[6, 1, 51, 25]"
57,15,"[55, 41, 40, 18]"
57,16,"[20, 25, 4, 48]"
57,17,"[18, 12, 55, 35]"
57,18,"[12, 26, 34, 20]"
57,19,"[28, 23, 16, 6]"
57,20,"[55, 7, 17, 33]"
57,21,"[30, 45, 28, 5]"
57,22,"[49, 24, 33, 4]"
57,23,"[26, 54, 57, 15]"
58,0,"[3, 57, 46, 10]"
58,1,"[3, 1, 27, 33]"
58,2,"[47, 10, 4, 53]"
58,3,"[49, 2, 50, 22]"
58,4,"[47, 33, 53, 35]"
58,5,"[20, 44, 56, 19]"
58,6,"[47, 1, 59, 37]"
58,7,"[31, 27, 45, 43]"
58,8,"[5, 8, 35, 9]"
58,9,"[5, 9, 18, 37]"
58,10,"[31, 12, 47, 8]"
58,11,"[30, 13, 37, 6]"
58,12,"[46, 11, 19, 38]"
58,13,"[31, 52, 7, 5]"
58,14,"[12, 1, 7, 27]"
58,15,"[40, 9, 51, 14]"
58,16,"[27, 23, 38, 51]"
58,17,"[0, 15, 44, 27]"
58,18,"[15, 56, 37, 25]"
58,19,"[28, 22, 34, 47]"
58,20,"[49, 57, 0, 15]"
58,21,"[39, 17, 22, 24]"
58,22,"[9, 20, 36, 3]"
58,23,"[15, 14, 34, 57]"
59,0,"[38, 17, 11, 54]"
59,1,"[17, 33, 55, 56]"
59,2,"[16, 55, 21, 28]"
59,3,"[2, 8, 38, 29]"
59,4,"[18, 45, 59, 6]"
59,5,"[25, 20, 13, 27]"
59,6,"[1, 7, 41, 39]"
59,7,"[29, 5, 31, 34]"
59,8,"[9, 16, 13, 45]"
59,9,"[41, 0, 9, 35]"
59,10,"[42, 10, 5, 8]"
59,11,"[6, 2, 24, 48]"
59,12,"[47, 50, 8, 54]"
59,13,"[56, 24, 32, 5]"
59,14,"[57, 16, 59, 31]"
59,15,"[51, 16, 36, 53]"
59,16,"[22, 27, 11, 46]"
59,17,"[48, 27, 21, 12]"
59,18,"[44, 17, 24, 33]"
59,19,"[16, 47, 50, 22]"
59,20,"[7, 54, 37, 57]"
59,21,"[8, 31, 6, 22]"
59,22,"[35, 20, 28, 44]"
59,23,"[47, 11, 58, 9]"
60,0,"[59, 51, 14, 53]"
60,1,"[10, 3, 12, 7]"
60,2,"[57, 20, 36, 15]"
60,3,"[57, 40, 16, 19]"
60,4,"[47, 32, 50, 3]"
60,5,"[10, 27, 25, 56]"
60,6,"[37, 1, 17, 49]"
60,7,"[8, 55, 7, 12]"
60,8,"[9, 8, 12, 41]"
60,9,"[32, 47, 6, 59]"
60,10,"[42, 8, 9, 0]"
60,11,"[51, 11, 21, 27]"
60,12,"[19, 50, 58, 43]"
60,13,"[31, 52, 3, 4]"
60,14,"[15, 46, 7, 34]"
60,15,"[51, 9, 36, 42]"
60,16,"[27, 2, 46, 57]"
60,17,"[5, 44, 27, 19]"
60,18,"[4, 56, 49, 17]"
60,19,"[58, 28, 47, 24]"
60,20,"[7, 17, 38, 58]"
60,21,"[39, 6, 22, 24]"
60,22,"[3, 9, 20, 39]"
60,23,"[9, 1, 10, 27]"
61,0,"[18, 26, 15, 4]"
61,1,"[13, 1, 35, 4]"
61,2,"[21, 16, 55, 12]"
61,3,"[33, 8, 2, 1]"
61,4,"[6, 18, 44, 39]"
61,5,"[25, 13, 27, 44]"
61,6,"[7, 1, 41, 42]"
61,7,"[17, 29, 44, 21]"
61,8,"[9, 16, 35, 59]"
61,9,"[0, 37, 18, 57]"
61,10,"[1, 56, 42, 31]"
61,11,"[45, 6, 48, 46]"
61,12,"[11, 7, 46, 32]"
61,13,"[37, 5, 40, 7]"
61,14,"[1, 6, 17, 28]"
61,15,"[22, 40, 34, 55]"
61,16,"[20, 11, 32, 25]"
61,17,"[18, 27, 14, 31]"
61,18,"[12, 44, 28, 59]"
61,19,"[24, 40, 0, 6]"
61,20,"[55, 34, 56, 51]"
61,21,"[28, 17, 45, 34]"
61,22,"[49, 4, 24, 32]"
61,23,"[37, 26, 12, 11]"
62,0,"[40, 14, 10, 8]"
62,1,"[2, 13, 31, 50]"
62,2,"[10, 40, 47, 14]"
62,3,"[39, 25, 18, 33]"
62,4,"[38, 47, 41, 7]"
62,5,"[31, 19, 3, 17]"
62,6,"[12, 47, 26, 59]"
62,7,"[27, 33, 11, 21]"
62,8,"[5, 27, 53, 57]"
62,9,"[56, 39, 25, 8]"
62,10,"[12, 6, 11, 47]"
62,11,"[30, 26, 13, 15]"
62,12,"[29, 45, 25, 19]"
62,13,"[59, 14, 9, 38]"
62,14,"[1, 7, 15, 33]"
62,15,"[14, 9, 12, 28]"
62,16,"[27, 23, 26, 19]"
62,17,"[0, 1, 5, 47]"
62,18,"[49, 58, 22, 56]"
62,19,"[28, 36, 34, 42]"
62,20,"[57, 49, 29, 3]"
62,21,"[36, 22, 34, 17]"
62,22,"[1, 45, 6, 7]"
62,23,"[0, 14, 15, 57]"
63,0,"[28, 50, 49, 26]"
63,1,"[26, 47, 35, 22]"
63,2,"[16, 36, 11, 20]"
63,3,"[20, 27, 8, 1]"
63,4,"[6, 44, 45, 18]"
63,5,"[25, 31, 34, 13]"
63,6,"[55, 7, 41, 0]"
63,7,"[29, 2, 31, 21]"
63,8,"[16, 9, 35, 40]"
63,9,"[18, 0, 57, 43]"
63,10,"[11, 42, 41, 56]"
63,11,"[46, 48, 45, 15]"
63,12,"[32, 7, 11, 54]"
63,13,"[37, 5, 19, 56]"
63,14,"[1, 19, 28, 17]"
63,15,"[22, 41, 13, 34]"
63,16,"[25, 58, 11, 50]"
63,17,"[18, 14, 44, 21]"
63,18,"[19, 20, 12, 21]"
63,19,"[33, 6, 38, 24]"
63,20,"[55, 39, 4, 35]"
63,21,"[45, 43, 49, 17]"
63,22,"[29, 55, 4, 49]"
63,23,"[37, 27, 14, 25]"
64,0,"[14, 42, 52, 7]"
64,1,"[29, 25, 13, 39]"
64,2,"[6, 23, 36, 32]"
64,3,"[9, 29, 52, 34]"
64,4,"[21, 10, 54, 25]"
64,5,"[46, 3, 18, 30]"
64,6,"[28, 6, 14, 30]"
64,7,"[50, 26, 42, 37]"
64,8,"[55, 44, 22, 16]"
64,9,"[9, 18, 29, 32]"
64,10,"[11, 13, 1, 34]"
64,11,"[33, 22, 15, 48]"
64,12,"[47, 32, 22, 23]"
64,13,"[37, 18, 46, 15]"
64,14,"[41, 19, 49, 3]"
64,15,"[4, 2, 30, 51]"
64,16,"[2, 21, 59, 3]"
64,17,"[22, 4, 16, 41]"
64,18,"[54, 11, 44, 0]"
64,19,"[19, 17, 38, 15]"
64,20,"[38, 42, 46, 43]"
64,21,"[0, 34, 6, 14]"
64,22,"[20, 15, 37, 31]"
64,23,"[34, 54, 46, 58]"
65,0,"[0, 30, 23, 55]"
65,1,"[44, 52, 12, 10]"
65,2,"[51, 5, 8, 54]"
65,3,"[31, 36, 52, 56]"
65,4,"[37, 8, 12, 0]"
65,5,"[58, 14, 43, 51]"
65,6,"[34, 36, 51, 52]"
65,7,"[50, 20, 42, 56]"
65,8,"[44, 57, 55, 18]"
65,9,"[4, 34, 12, 2]"
65,10,"[18, 13, 23, 22]"
65,11,"[33, 49, 26, 17]"
65,12,"[22, 39, 47, 21]"
65,13,"[46, 10, 15, 8]"
65,14,"[43, 52, 9, 49]"
65,15,"[50, 17, 4, 30]"
65,16,"[34, 35, 9, 17]"
65,17,"[35, 44, 7, 14]"
65,18,"[22, 16, 37, 54]"
65,19,"[38, 15, 46, 50]"
65,20,"[40, 29, 15, 36]"
65,21,"[54, 25, 49, 44]"
65,22,"[55, 57, 13, 20]"
65,23,"[9, 27, 57, 43]"
66,0,"[18, 0, 13, 44]"
66,1,"[19, 34, 50, 24]"
66,2,"[50, 44, 36, 13]"
66,3,"[53, 40, 5, 18]"
66,4,"[53, 43, 10, 35]"
66,5,"[14, 50, 33, 47]"
66,6,"[35, 36, 53, 2]"
66,7,"[24, 50, 42, 10]"
66,8,"[0, 36, 55, 56]"
66,9,"[20, 34, 40, 12]"
66,10,"[43, 18, 37, 48]"
66,11,"[18, 1, 8, 44]"
66,12,"[16, 40, 38, 3]"
66,13,"[10, 22, 18, 48]"
66,14,"[26, 4, 41, 35]"
66,15,"[19, 30, 4, 28]"
66,16,"[39, 3, 10, 12]"
66,17,"[41, 0, 11, 4]"
66,18,"[57, 18, 25, 16]"
66,19,"[14, 48, 28, 9]"
66,20,"[40, 13, 32, 16]"
66,21,"[12, 41, 6, 49]"
66,22,"[14, 31, 5, 47]"
66,23,"[43, 35, 53, 55]"
67,0,"[50, 54, 53, 52]"
67,1,"[34, 59, 35, 1]"
67,2,"[15, 20, 46, 9]"
67,3,"[30, 0, 10, 32]"
67,4,"[39, 13, 41, 55]"
67,5,"[22, 8, 51, 36]"
67,6,"[43, 31, 57, 5]"
67,7,"[35, 43, 21, 3]"
67,8,"[33, 30, 34, 20]"
67,9,"[54, 24, 23, 13]"
67,10,"[4, 59, 36, 1]"
67,11,"[14, 59, 12, 3]"
67,12,"[30, 13, 59, 42]"
67,13,"[30, 35, 50, 33]"
67,14,"[6, 56, 25, 49]"
67,15,"[55, 24, 40, 32]"
67,16,"[20, 4, 59, 16]"
67,17,"[29, 18, 55, 45]"
67,18,"[12, 26, 47, 44]"
67,19,"[13, 30, 1, 23]"
67,20,"[24, 50, 39, 58]"
67,21,"[26, 31, 48, 1]"
67,22,"[49, 31, 4, 17]"
67,23,"[33, 18, 6, 49]"
68,0,"[3, 12, 10, 16]"
68,1,"[34, 48, 1, 47]"
68,2,"[47, 10, 53, 35]"
68,3,"[25, 45, 12, 50]"
68,4,"[47, 21, 41, 55]"
68,5,"[44, 17, 19, 8]"
68,6,"[47, 59, 37, 56]"
68,7,"[17, 33, 27, 16]"
68,8,"[32, 5, 59, 0]"
68,9,"[25, 19, 35, 8]"
68,10,"[31, 37, 26, 32]"
68,11,"[30, 20, 10, 23]"
68,12,"[38, 46, 29, 8]"
68,13,"[9, 6, 59, 14]"
68,14,"[27, 12, 42, 29]"
68,15,"[14, 11, 0, 24]"
68,16,"[27, 0, 12, 51]"
68,17,"[7, 0, 29, 59]"
68,18,"[26, 25, 2, 28]"
68,19,"[22, 36, 26, 12]"
68,20,"[15, 52, 32, 56]"
68,21,"[6, 24, 4, 46]"
68,22,"[36, 3, 31, 30]"
68,23,"[19, 53, 35, 55]"
69,0,"[54, 38, 37, 14]"
69,1,"[18, 17, 59, 55]"
69,2,"[35, 7, 41, 6]"
69,3,"[30, 44, 16, 13]"
69,4,"[29, 24, 9, 27]"
69,5,"[44, 48, 19, 11]"
69,6,"[31, 57, 1, 46]"
69,7,"[43, 53, 21, 35]"
69,8,"[39, 30, 3, 43]"
69,9,"[54, 23, 17, 13]"
69,10,"[1, 19, 17, 8]"
69,11,"[14, 59, 22, 50]"
69,12,"[30, 11, 23, 47]"
69,13,"[50, 30, 37, 13]"
69,14,"[6, 56, 49, 47]"
69,15,"[24, 55, 41, 21]"
69,16,"[20, 25, 59, 4]"
69,17,"[29, 18, 35, 57]"
69,18,"[12, 44, 30, 34]"
69,19,"[13, 59, 21, 1]"
69,20,"[42, 13, 24, 50]"
69,21,"[3, 56, 48, 36]"
69,22,"[49, 31, 33, 24]"
69,23,"[27, 1, 24, 20]"
70,0,"[4, 47, 52, 1]"
70,1,"[40, 24, 21, 8]"
70,2,"[56, 10, 44, 47]"
70,3,"[3, 13, 44, 50]"
70,4,"[43, 49, 9, 26]"
70,5,"[17, 12, 29, 27]"
70,6,"[9, 59, 56, 33]"
70,7,"[19, 58, 9, 1]"
70,8,"[27, 58, 52, 5]"
70,9,"[58, 25, 16, 3]"
70,10,"[23, 12, 37, 26]"
70,11,"[20, 44, 30, 27]"
70,12,"[18, 53, 17, 37]"
70,13,"[17, 22, 59, 9]"
70,14,"[5, 53, 34, 26]"
70,15,"[24, 20, 28, 12]"
70,16,"[8, 2, 13, 0]"
70,17,"[34, 11, 47, 4]"
70,18,"[14, 0, 2, 43]"
70,19,"[21, 2, 26, 9]"
70,20,"[52, 51, 3, 32]"
70,21,"[17, 22, 4, 12]"
70,22,"[45, 31, 37, 30]"
70,23,"[43, 1, 42, 45]"
71,0,"[40, 34, 35, 30]"
71,1,"[42, 0, 46, 56]"
71,2,"[0, 39, 54, 57]"
71,3,"[33, 51, 39, 19]"
71,4,"[16, 29, 26, 27]"
71,5,"[22, 42, 24, 35]"
71,6,"[27, 54, 9, 59]"
71,7,"[5, 42, 21, 12]"
71,8,"[9, 4, 56, 24]"
71,9,"[21, 58, 52, 44]"
71,10,"[42, 52, 45, 51]"
71,11,"[21, 19, 27, 34]"
71,12,"[19, 42, 8, 33]"
71,13,"[14, 53, 17, 3]"
71,14,"[53, 59, 33, 34]"
71,15,"[24, 20, 28, 49]"
71,16,"[23, 8, 2, 43]"
71,17,"[34, 35, 58, 43]"
71,18,"[56, 20, 25, 49]"
71,19,"[21, 26, 41, 9]"
71,20,"[49, 1, 8, 3]"
71,21,"[16, 17, 54, 36]"
71,22,"[31, 45, 36, 3]"
71,23,"[17, 24, 30, 54]"
72,0,"[34, 30, 29, 11]"
72,1,"[17, 36, 57, 8]"
72,2,"[56, 21, 33, 48]"
72,3,"[13, 1, 36, 8]"
72,4,"[6, 5, 18, 59]"
72,5,"[25, 29, 27, 13]"
72,6,"[55, 39, 1, 56]"
72,7,"[23, 29, 2, 31]"
72,8,"[16, 9, 59, 40]"
72,9,"[50, 0, 52, 18]"
72,10,"[29, 8, 1, 42]"
72,11,"[48, 12, 27, 4]"
72,12,"[23, 8, 50, 41]"
72,13,"[51, 54, 37, 53]"
72,14,"[54, 28, 17, 57]"
72,15,"[33, 41, 10, 2]"
72,16,"[48, 4, 56, 46]"
72,17,"[20, 14, 21, 35]"
72,18,"[44, 55, 37, 59]"
72,19,"[16, 52, 33, 41]"
72,20,"[4, 38, 28, 39]"
72,21,"[57, 16, 48, 1]"
72,22,"[55, 31, 46, 13]"
72,23,"[25, 43, 57, 32]"
73,0,"[14, 51, 21, 46]"
73,1,"[29, 13, 11, 12]"
73,2,"[6, 49, 23, 33]"
73,3,"[9, 32, 4, 52]"
73,4,"[20, 54, 12, 15]"
73,5,"[46, 40, 1, 21]"
73,6,"[28, 6, 38, 5]"
73,7,"[50, 42, 12, 21]"
73,8,"[44, 4, 55, 26]"
73,9,"[34, 39, 9, 44]"
73,10,"[23, 43, 40, 13]"
73,11,"[33, 34, 49, 1]"
73,12,"[22, 47, 1, 53]"
73,13,"[18, 4, 15, 46]"
73,14,"[58, 35, 41, 33]"
73,15,"[4, 30, 2, 41]"
73,16,"[9, 27, 17, 4]"
73,17,"[22, 40, 44, 2]"
73,18,"[54, 2, 43, 56]"
73,19,"[19, 38, 41, 21]"
73,20,"[38, 35, 42, 51]"
73,21,"[0, 25, 9, 36]"
73,22,"[2, 44, 37, 6]"
73,23,"[3, 45, 43, 46]"
74,0,"[21, 22, 19, 39]"
74,1,"[44, 12, 49, 20]"
74,2,"[51, 5, 8, 28]"
74,3,"[31, 56, 39, 4]"
74,4,"[34, 27, 37, 14]"
74,5,"[14, 58, 24, 38]"
74,6,"[34, 28, 36, 22]"
74,7,"[20, 50, 12, 21]"
74,8,"[44, 57, 18, 46]"
74,9,"[34, 4, 39, 3]"
74,10,"[23, 13, 22, 51]"
74,11,"[33, 55, 49, 34]"
74,12,"[22, 1, 47, 39]"
74,13,"[46, 15, 4, 48]"
74,14,"[43, 52, 58, 9]"
74,15,"[50, 4, 30, 17]"
74,16,"[34, 9, 35, 17]"
74,17,"[3, 47, 35, 34]"
74,18,"[14, 40, 20, 16]"
74,19,"[41, 38, 50, 21]"
74,20,"[10, 52, 32, 40]"
74,21,"[12, 31, 54, 25]"
74,22,"[4, 38, 17, 50]"
74,23,"[1, 43, 55, 53]"
75,0,"[56, 55, 5, 45]"
75,1,"[19, 25, 52, 12]"
75,2,"[37, 32, 9, 5]"
75,3,"[23, 37, 13, 29]"
75,4,"[14, 23, 42, 8]"
75,5,"[52, 26, 6, 33]"
75,6,"[27, 33, 2, 38]"
75,7,"[19, 36, 11, 56]"
75,8,"[58, 27, 52, 24]"
75,9,"[34, 26, 58, 35]"
75,10,"[48, 23, 40, 12]"
75,11,"[44, 27, 55, 34]"
75,12,"[53, 24, 18, 17]"
75,13,"[27, 48, 59, 17]"
75,14,"[27, 26, 31, 53]"
75,15,"[47, 24, 19, 20]"
75,16,"[8, 39, 2, 18]"
75,17,"[4, 27, 5, 14]"
75,18,"[14, 40, 0, 5]"
75,19,"[9, 10, 42, 41]"
75,20,"[30, 59, 1, 3]"
75,21,"[22, 54, 6, 21]"
75,22,"[13, 14, 43, 1]"
75,23,"[15, 19, 22, 23]"
76,0,"[25, 49, 19, 55]"
76,1,"[22, 28, 32, 10]"
76,2,"[55, 39, 13, 22]"
76,3,"[1, 24, 13, 50]"
76,4,"[6, 30, 5, 8]"
76,5,"[25, 27, 30, 28]"
76,6,"[46, 56, 5, 38]"
76,7,"[23, 34, 38, 36]"
76,8,"[9, 40, 24, 2]"
76,9,"[57, 52, 50, 0]"
76,10,"[42, 8, 56, 24]"
76,11,"[48, 27, 21, 4]"
76,12,"[7, 50, 54, 44]"
76,13,"[19, 32, 51, 43]"
76,14,"[54, 16, 28, 30]"
76,15,"[33, 22, 51, 13]"
76,16,"[46, 11, 33, 22]"
76,17,"[52, 20, 21, 9]"
76,18,"[59, 20, 49, 33]"
76,19,"[16, 33, 50, 40]"
76,20,"[4, 35, 2, 36]"
76,21,"[23, 16, 39, 45]"
76,22,"[13, 31, 18, 55]"
76,23,"[24, 22, 42, 0]"
77,0,"[41, 54, 27, 8]"
77,1,"[29, 37, 10, 4]"
77,2,"[46, 36, 52, 34]"
77,3,"[56, 27, 36, 43]"
77,4,"[50, 59, 4, 30]"
77,5,"[23, 38, 10, 1]"
77,6,"[40, 6, 23, 25]"
77,7,"[49, 34, 13, 55]"
77,8,"[36, 49, 10, 46]"
77,9,"[39, 14, 21, 57]"
77,10,"[28, 20, 16, 13]"
77,11,"[29, 33, 48, 26]"
77,12,"[22, 10, 47, 1]"
77,13,"[29, 15, 53, 4]"
77,14,"[14, 58, 49, 45]"
77,15,"[59, 29, 13, 32]"
77,16,"[9, 17, 33, 50]"
77,17,"[40, 54, 35, 3]"
77,18,"[6, 35, 30, 7]"
77,19,"[19, 46, 31, 49]"
77,20,"[42, 15, 53, 59]"
77,21,"[29, 34, 50, 0]"
77,22,"[7, 37, 32, 3]"
77,23,"[34, 29, 46, 3]"
78,0,"[55, 21, 7, 10]"
78,1,"[44, 39, 4, 37]"
78,2,"[52, 1, 59, 36]"
78,3,"[17, 28, 43, 39]"
78,4,"[37, 1, 15, 30]"
78,5,"[23, 10, 7, 1]"
78,6,"[34, 30, 40, 3]"
78,7,"[20, 53, 8, 57]"
78,8,"[36, 49, 55, 53]"
78,9,"[39, 14, 29, 4]"
78,10,"[28, 20, 13, 30]"
78,11,"[29, 33, 17, 26]"
78,12,"[10, 22, 47, 1]"
78,13,"[29, 15, 34, 46]"
78,14,"[43, 14, 52, 58]"
78,15,"[50, 32, 20, 17]"
78,16,"[9, 34, 17, 32]"
78,17,"[3, 35, 38, 47]"
78,18,"[6, 44, 30, 37]"
78,19,"[41, 38, 44, 36]"
78,20,"[22, 40, 37, 36]"
78,21,"[34, 31, 26, 50]"
78,22,"[58, 4, 31, 3]"
78,23,"[0, 43, 1, 42]"
79,0,"[5, 56, 27, 24]"
79,1,"[25, 19, 37, 11]"
79,2,"[37, 32, 9, 1]"
79,3,"[23, 46, 37, 39]"
79,4,"[10, 14, 48, 13]"
79,5,"[52, 7, 31, 33]"
79,6,"[27, 46, 2, 33]"
79,7,"[19, 36, 10, 56]"
79,8,"[27, 58, 7, 6]"
79,9,"[34, 49, 39, 26]"
79,10,"[40, 48, 12, 41]"
79,11,"[44, 26, 8, 55]"
79,12,"[18, 53, 24, 17]"
79,13,"[48, 27, 59, 43]"
79,14,"[26, 27, 34, 5]"
79,15,"[19, 47, 30, 24]"
79,16,"[8, 39, 2, 18]"
79,17,"[4, 10, 14, 58]"
79,18,"[0, 8, 2, 10]"
79,19,"[41, 42, 9, 26]"
79,20,"[40, 30, 36, 32]"
79,21,"[54, 27, 16, 36]"
79,22,"[30, 14, 11, 37]"
79,23,"[15, 43, 55, 14]"
80,0,"[25, 49, 58, 29]"
80,1,"[22, 28, 5, 10]"
80,2,"[55, 27, 13, 1]"
80,3,"[1, 13, 44, 8]"
80,4,"[6, 15, 51, 50]"
80,5,"[25, 13, 30, 24]"
80,6,"[46, 30, 55, 12]"
80,7,"[23, 7, 10, 4]"
80,8,"[9, 40, 24, 6]"
80,9,"[57, 0, 47, 49]"
80,10,"[42, 8, 56, 30]"
80,11,"[48, 27, 4, 21]"
80,12,"[54, 44, 41, 10]"
80,13,"[29, 43, 32, 19]"
80,14,"[28, 54, 57, 11]"
80,15,"[33, 36, 51, 23]"
80,16,"[46, 31, 21, 43]"
80,17,"[52, 20, 43, 34]"
80,18,"[59, 44, 20, 0]"
80,19,"[52, 33, 30, 16]"
80,20,"[4, 55, 16, 2]"
80,21,"[29, 23, 39, 59]"
80,22,"[49, 7, 58, 25]"
80,23,"[12, 0, 47, 38]"
81,0,"[57, 41, 52, 39]"
81,1,"[29, 37, 10, 49]"
81,2,"[52, 34, 36, 17]"
81,3,"[41, 27, 9, 20]"
81,4,"[4, 17, 37, 36]"
81,5,"[10, 23, 6, 36]"
81,6,"[40, 3, 23, 4]"
81,7,"[13, 49, 26, 59]"
81,8,"[10, 49, 37, 26]"
81,9,"[42, 14, 31, 33]"
81,10,"[25, 28, 20, 53]"
81,11,"[16, 9, 56, 29]"
81,12,"[10, 21, 36, 31]"
81,13,"[29, 39, 55, 15]"
81,14,"[45, 14, 46, 52]"
81,15,"[50, 29, 59, 17]"
81,16,"[6, 34, 45, 1]"
81,17,"[49, 38, 24, 15]"
81,18,"[35, 57, 6, 4]"
81,19,"[44, 17, 19, 7]"
81,20,"[26, 0, 53, 14]"
81,21,"[29, 51, 35, 47]"
81,22,"[48, 51, 6, 57]"
81,23,"[5, 31, 21, 29]"
82,0,"[6, 18, 9, 52]"
82,1,"[25, 19, 21, 52]"
82,2,"[42, 29, 43, 37]"
82,3,"[46, 41, 55, 11]"
82,4,"[48, 25, 23, 12]"
82,5,"[18, 54, 53, 26]"
82,6,"[58, 51, 33, 2]"
82,7,"[36, 56, 0, 59]"
82,8,"[54, 38, 13, 58]"
82,9,"[46, 26, 11, 12]"
82,10,"[14, 44, 30, 18]"
82,11,"[36, 19, 53, 5]"
82,12,"[3, 46, 55, 54]"
82,13,"[43, 57, 27, 16]"
82,14,"[23, 22, 48, 24]"
82,15,"[19, 47, 0, 52]"
82,16,"[15, 18, 39, 24]"
82,17,"[0, 24, 30, 28]"
82,18,"[13, 39, 1, 57]"
82,19,"[3, 39, 8, 15]"
82,20,"[58, 52, 14, 45]"
82,21,"[23, 2, 18, 31]"
82,22,"[57, 45, 52, 15]"
82,23,"[49, 29, 43, 38]"
83,0,"[19, 57, 48, 22]"
83,1,"[7, 58, 5, 38]"
83,2,"[24, 34, 35, 55]"
83,3,"[4, 34, 18, 37]"
83,4,"[22, 1, 7, 57]"
83,5,"[37, 57, 29, 30]"
83,6,"[1, 42, 58, 48]"
83,7,"[42, 17, 54, 21]"
83,8,"[33, 20, 54, 6]"
83,9,"[36, 54, 51, 23]"
83,10,"[55, 7, 49, 14]"
83,11,"[23, 3, 59, 39]"
83,12,"[56, 30, 34, 15]"
83,13,"[28, 30, 32, 27]"
83,14,"[27, 55, 59, 20]"
83,15,"[19, 9, 20, 31]"
83,16,"[55, 21, 14, 11]"
83,17,"[0, 6, 59, 19]"
83,18,"[27, 57, 33, 48]"
83,19,"[53, 28, 39, 59]"
83,20,"[9, 39, 49, 14]"
83,21,"[48, 30, 5, 49]"
83,22,"[9, 52, 41, 5]"
83,23,"[49, 45, 53, 17]"
84,0,"[7, 39, 48, 26]"
84,1,"[53, 27, 1, 9]"
84,2,"[2, 43, 38, 53]"
84,3,"[57, 34, 58, 36]"
84,4,"[31, 19, 12, 11]"
84,5,"[32, 20, 0, 9]"
84,6,"[46, 37, 38, 50]"
84,7,"[5, 27, 56, 52]"
84,8,"[42, 8, 9, 21]"
84,9,"[5, 48, 16, 27]"
84,10,"[42, 58, 52, 57]"
84,11,"[53, 30, 13, 25]"
84,12,"[19, 37, 9, 38]"
84,13,"[3, 1, 52, 17]"
84,14,"[15, 1, 42, 12]"
84,15,"[9, 42, 43, 14]"
84,16,"[23, 27, 58, 31]"
84,17,"[22, 32, 1, 15]"
84,18,"[9, 15, 23, 4]"
84,19,"[28, 5, 11, 58]"
84,20,"[49, 14, 54, 56]"
84,21,"[51, 39, 58, 54]"
84,22,"[9, 57, 44, 20]"
84,23,"[57, 39, 40, 53]"
85,0,"[35, 27, 32, 7]"
85,1,"[26, 14, 21, 55]"
85,2,"[16, 2, 11, 20]"
85,3,"[38, 45, 34, 17]"
85,4,"[31, 6, 44, 18]"
85,5,"[25, 34, 32, 20]"
85,6,"[7, 41, 37, 55]"
85,7,"[5, 29, 4, 7]"
85,8,"[16, 9, 20, 35]"
85,9,"[57, 32, 0, 5]"
85,10,"[42, 56, 58, 8]"
85,11,"[18, 46, 15, 48]"
85,12,"[7, 54, 52, 23]"
85,13,"[40, 3, 37, 5]"
85,14,"[17, 15, 1, 54]"
85,15,"[9, 42, 22, 33]"
85,16,"[58, 27, 22, 31]"
85,17,"[32, 12, 52, 22]"
85,18,"[42, 28, 23, 48]"
85,19,"[6, 24, 28, 18]"
85,20,"[7, 14, 34, 5]"
85,21,"[45, 28, 24, 23]"
85,22,"[29, 12, 24, 20]"
85,23,"[37, 48, 39, 8]"
86,0,"[46, 7, 57, 35]"
86,1,"[55, 33, 28, 4]"
86,2,"[2, 21, 16, 20]"
86,3,"[8, 17, 0, 34]"
86,4,"[44, 6, 18, 31]"
86,5,"[34, 25, 32, 2]"
86,6,"[7, 41, 17, 58]"
86,7,"[29, 2, 15, 17]"
86,8,"[40, 35, 9, 4]"
86,9,"[18, 43, 57, 7]"
86,10,"[56, 39, 41, 11]"
86,11,"[46, 18, 45, 15]"
86,12,"[7, 32, 52, 13]"
86,13,"[37, 40, 21, 35]"
86,14,"[1, 17, 32, 11]"
86,15,"[22, 40, 9, 10]"
86,16,"[58, 27, 25, 31]"
86,17,"[32, 12, 52, 18]"
86,18,"[42, 28, 23, 12]"
86,19,"[24, 6, 47, 13]"
86,20,"[34, 14, 55, 7]"
86,21,"[28, 45, 10, 23]"
86,22,"[49, 24, 12, 57]"
86,23,"[37, 0, 12, 26]"
87,0,"[4, 1, 23, 54]"
87,1,"[33, 17, 49, 1]"
87,2,"[53, 21, 13, 20]"
87,3,"[8, 18, 45, 28]"
87,4,"[45, 18, 8, 41]"
87,5,"[13, 59, 2, 24]"
87,6,"[41, 7, 14, 17]"
87,7,"[29, 2, 15, 7]"
87,8,"[40, 35, 9, 4]"
87,9,"[18, 43, 37, 28]"
87,10,"[39, 56, 41, 37]"
87,11,"[46, 45, 37, 18]"
87,12,"[7, 32, 23, 11]"
87,13,"[37, 40, 21, 5]"
87,14,"[1, 17, 28, 7]"
87,15,"[22, 33, 13, 10]"
87,16,"[58, 25, 46, 27]"
87,17,"[32, 18, 52, 7]"
87,18,"[44, 42, 12, 59]"
87,19,"[24, 30, 33, 26]"
87,20,"[55, 34, 14, 4]"
87,21,"[28, 45, 18, 24]"
87,22,"[49, 58, 22, 36]"
87,23,"[37, 30, 12, 26]"
88,0,"[14, 51, 22, 10]"
88,1,"[31, 13, 2, 7]"
88,2,"[40, 10, 53, 17]"
88,3,"[8, 29, 22, 11]"
88,4,"[56, 9, 21, 45]"
88,5,"[3, 53, 23, 36]"
88,6,"[4, 46, 41, 38]"
88,7,"[32, 26, 51, 59]"
88,8,"[16, 22, 26, 37]"
88,9,"[14, 29, 42, 0]"
88,10,"[3, 20, 46, 11]"
88,11,"[16, 29, 9, 57]"
88,12,"[49, 17, 22, 47]"
88,13,"[41, 29, 15, 19]"
88,14,"[28, 54, 39, 58]"
88,15,"[11, 33, 31, 51]"
88,16,"[9, 51, 25, 2]"
88,17,"[8, 52, 48, 20]"
88,18,"[35, 59, 28, 30]"
88,19,"[52, 41, 30, 44]"
88,20,"[4, 24, 45, 39]"
88,21,"[23, 29, 54, 36]"
88,22,"[4, 55, 57, 34]"
88,23,"[31, 42, 38, 57]"
89,0,"[33, 38, 43, 45]"
89,1,"[15, 57, 32, 4]"
89,2,"[20, 28, 41, 22]"
89,3,"[41, 18, 20, 22]"
89,4,"[30, 26, 2, 34]"
89,5,"[53, 55, 7, 28]"
89,6,"[3, 50, 56, 17]"
89,7,"[57, 54, 59, 16]"
89,8,"[23, 38, 24, 31]"
89,9,"[59, 3, 46, 49]"
89,10,"[21, 58, 32, 30]"
89,11,"[53, 0, 34, 4]"
89,12,"[35, 36, 1, 43]"
89,13,"[44, 16, 8, 47]"
89,14,"[34, 58, 53, 33]"
89,15,"[43, 57, 26, 32]"
89,16,"[10, 17, 21, 30]"
89,17,"[49, 41, 4, 46]"
89,18,"[25, 30, 21, 37]"
89,19,"[17, 49, 21, 30]"
89,20,"[26, 53, 23, 28]"
89,21,"[29, 19, 30, 44]"
89,22,"[6, 57, 43, 50]"
89,23,"[31, 5, 21, 38]"
